{"2": [4.899997293250635e-06, 3.2999996619764715e-06, 3.4000004234258085e-06, 3.9000005926936865e-06, 6.60000296193175e-06, 7.299997378140688e-06, 3.4000004234258085e-06, 3.6999990697950125e-06, 8.700000762473792e-06, 3.1999989005271345e-06, 3.5000011848751456e-06, 3.4999975468963385e-06, 4.800000169780105e-06, 4.099998477613553e-06, 8.700000762473792e-06, 3.6000019463244826e-06, 5.800000508315861e-06, 3.2999996619764715e-06, 3.2999996619764715e-06, 5.300000339047983e-06, 3.0999981390777975e-06, 4.0000013541430235e-06, 3.4000004234258085e-06, 8.700000762473792e-06, 3.4000004234258085e-06, 3.2999996619764715e-06, 3.4000004234258085e-06, 3.4000004234258085e-06, 3.1999989005271345e-06, 4.6000022848602384e-06, 4.400000034365803e-05, 3.0999981390777975e-06, 3.4000004234258085e-06, 7.500002539018169e-06, 3.6000019463244826e-06, 3.6999990697950125e-06, 3.2000025385059416e-06, 5.599998985417187e-06, 1.1399999493733048e-05, 3.0000010156072676e-06, 3.4999975468963385e-06, 3.3999967854470015e-06, 3.6000019463244826e-06, 7.700000423938036e-06, 3.7999998312443495e-06, 3.4000004234258085e-06, 3.1000017770566046e-06, 3.6999990697950125e-06, 3.4999975468963385e-06, 3.0999981390777975e-06], "3": [2.7999994927085936e-06, 4.19999923906289e-06, 4.300000000512227e-06, 3.899996954714879e-06, 3.7999998312443495e-06, 3.1000017770566046e-06, 3.6000019463244826e-06, 3.2000025385059416e-06, 3.4000004234258085e-06, 2.7999994927085936e-06, 3.2999996619764715e-06, 3.0999981390777975e-06, 8.200000593205914e-06, 3.0000010156072676e-06, 3.5000011848751456e-06, 2.9000002541579306e-06, 3.5000011848751456e-06, 3.5000011848751456e-06, 3.4000004234258085e-06, 3.6000019463244826e-06, 4.1000021155923605e-06, 4.399997123982757e-06, 3.7000027077738196e-06, 2.7999994927085936e-06, 3.0999981390777975e-06, 3.5000011848751456e-06, 3.4999975468963385e-06, 3.6000019463244826e-06, 3.1999989005271345e-06, 2.6999987312592566e-06, 3.5000011848751456e-06, 3.5000011848751456e-06, 3.5000011848751456e-06, 2.6999987312592566e-06, 2.7999994927085936e-06, 3.5000011848751456e-06, 2.9000002541579306e-06, 3.4000004234258085e-06, 2.9000002541579306e-06, 3.1999989005271345e-06, 3.0000010156072676e-06, 3.4999975468963385e-06, 4.300000000512227e-06, 3.1999989005271345e-06, 2.7999994927085936e-06, 3.0999981390777975e-06, 3.6999990697950125e-06, 3.7999998312443495e-06, 4.800000169780105e-06, 3.0999981390777975e-06], "4": [3.1000017770566046e-06, 3.1999989005271345e-06, 3.6000019463244826e-06, 3.1000017770566046e-06, 3.1000017770566046e-06, 5.800000508315861e-06, 3.0000010156072676e-06, 5.100002454128116e-06, 3.4999975468963385e-06, 4.2000028770416975e-06, 3.0000010156072676e-06, 3.2999996619764715e-06, 3.1999989005271345e-06, 9.60000033956021e-06, 3.6999990697950125e-06, 3.0000010156072676e-06, 2.7000023692380637e-06, 3.0999981390777975e-06, 3.4999975468963385e-06, 3.2999996619764715e-06, 4.099998477613553e-06, 3.1999989005271345e-06, 3.0000010156072676e-06, 3.4000004234258085e-06, 4.5000015234109014e-06, 2.9999973776284605e-06, 3.6000019463244826e-06, 3.0000010156072676e-06, 2.7000023692380637e-06, 3.4999975468963385e-06, 3.0999981390777975e-06, 3.0000010156072676e-06, 3.3000032999552786e-06, 3.9000005926936865e-06, 3.0999981390777975e-06, 3.7000027077738196e-06, 1.6099998902063817e-05, 4.400000761961564e-06, 3.5000011848751456e-06, 3.5999983083456755e-06, 3.5000011848751456e-06, 8.299997716676444e-06, 2.229999881819822e-05, 2.9000002541579306e-06, 4.499997885432094e-06, 2.9000002541579306e-06, 3.1999989005271345e-06, 2.6999987312592566e-06, 3.2999996619764715e-06, 3.2999996619764715e-06], "5": [3.2999996619764715e-06, 3.1999989005271345e-06, 1.3299999409355223e-05, 3.0000010156072676e-06, 2.7999994927085936e-06, 3.5000011848751456e-06, 3.7999998312443495e-06, 3.2000025385059416e-06, 3.2999996619764715e-06, 3.7999998312443495e-06, 3.4000004234258085e-06, 8.999999408842996e-06, 3.3000032999552786e-06, 2.9999973776284605e-06, 3.0000010156072676e-06, 3.4000004234258085e-06, 3.0000010156072676e-06, 3.0000010156072676e-06, 4.900000931229442e-06, 1.6499998309882358e-05, 3.1999989005271345e-06, 3.4000004234258085e-06, 4.300000000512227e-06, 4.0000013541430235e-06, 3.2999996619764715e-06, 2.8999966161791235e-06, 2.2599997464567423e-05, 3.5000011848751456e-06, 2.7999994927085936e-06, 3.6999990697950125e-06, 3.2999996619764715e-06, 4.19999923906289e-06, 3.2000025385059416e-06, 3.4000004234258085e-06, 2.6199999410891905e-05, 3.0999981390777975e-06, 3.0000010156072676e-06, 3.0999981390777975e-06, 8.300001354655251e-06, 3.4000004234258085e-06, 3.0000010156072676e-06, 4.0000013541430235e-06, 3.1999989005271345e-06, 3.0999981390777975e-06, 2.7999994927085936e-06, 4.899997293250635e-06, 3.0000010156072676e-06, 3.0999981390777975e-06, 4.19999923906289e-06, 3.9000005926936865e-06], "6": [3.4000004234258085e-06, 3.5000011848751456e-06, 2.9000002541579306e-06, 3.6000019463244826e-06, 3.3999967854470015e-06, 3.0000010156072676e-06, 3.2999996619764715e-06, 6.60000296193175e-06, 3.1999989005271345e-06, 3.4999975468963385e-06, 3.3000032999552786e-06, 2.7999994927085936e-06, 3.6000019463244826e-06, 3.4000004234258085e-06, 3.5000011848751456e-06, 2.9000002541579306e-06, 3.5000011848751456e-06, 3.0999981390777975e-06, 4.19999923906289e-06, 3.1999989005271345e-06, 2.9000002541579306e-06, 2.7999994927085936e-06, 3.2999996619764715e-06, 3.0999981390777975e-06, 1.1899999663000926e-05, 3.7000027077738196e-06, 3.6000019463244826e-06, 3.1999989005271345e-06, 3.5000011848751456e-06, 3.2999996619764715e-06, 3.2999996619764715e-06, 3.5000011848751456e-06, 3.5000011848751456e-06, 3.5000011848751456e-06, 2.7999994927085936e-06, 3.5000011848751456e-06, 2.7999994927085936e-06, 3.4999975468963385e-06, 3.5000011848751456e-06, 3.2999996619764715e-06, 3.6999990697950125e-06, 3.5999983083456755e-06, 3.0000010156072676e-06, 3.6000019463244826e-06, 3.1999989005271345e-06, 3.0000010156072676e-06, 2.4199998733820394e-05, 3.0999981390777975e-06, 3.0000010156072676e-06, 6.800000846851617e-06], "7": [3.2999996619764715e-06, 4.1000021155923605e-06, 3.1999989005271345e-06, 3.0999981390777975e-06, 3.2999996619764715e-06, 3.6999990697950125e-06, 3.0000010156072676e-06, 5.000001692678779e-06, 3.5999983083456755e-06, 3.9000005926936865e-06, 3.4000004234258085e-06, 3.2999996619764715e-06, 3.1999989005271345e-06, 3.2999996619764715e-06, 7.499998901039362e-06, 3.5000011848751456e-06, 3.4999975468963385e-06, 3.2999996619764715e-06, 3.9000005926936865e-06, 3.9000005926936865e-06, 3.1999989005271345e-06, 3.9000005926936865e-06, 3.7999998312443495e-06, 3.4000004234258085e-06, 3.2999996619764715e-06, 4.099998477613553e-06, 3.4000004234258085e-06, 3.3000032999552786e-06, 3.4999975468963385e-06, 3.4000004234258085e-06, 4.19999923906289e-06, 3.2999996619764715e-06, 6.70000008540228e-06, 3.1000017770566046e-06, 3.5000011848751456e-06, 1.0099996870849282e-05, 3.0999981390777975e-06, 3.6999990697950125e-06, 6.70000008540228e-06, 7.200000254670158e-06, 3.999997716164216e-06, 3.5000011848751456e-06, 3.5000011848751456e-06, 3.3999967854470015e-06, 3.7999998312443495e-06, 3.7999998312443495e-06, 3.9000005926936865e-06, 3.2000025385059416e-06, 2.5499997718725353e-05, 3.7000027077738196e-06],