{"2": [2.2999956854619086e-06, 2.4999972083605826e-06, 2.3999964469112456e-06, 2.0999941625632346e-06, 2.2999956854619086e-06, 2.4999972083605826e-06, 2.4000037228688598e-06, 2.4000037228688598e-06, 2.3999964469112456e-06, 2.5999979698099196e-06, 2.4999972083605826e-06, 3.0000010156072676e-06, 3.5999983083456755e-06, 2.9000002541579306e-06, 2.0999941625632346e-06, 2.5999979698099196e-06, 2.9000002541579306e-06, 2.4000037228688598e-06, 2.6999987312592566e-06, 3.9000005926936865e-06, 2.2000021999701858e-06, 2.7999994927085936e-06, 5.599998985417187e-06, 2.3999964469112456e-06, 2.3000029614195228e-06, 2.4000037228688598e-06, 4.999994416721165e-06, 2.1999949240125716e-06, 2.2000021999701858e-06, 1.1200005246791989e-05, 2.2000021999701858e-06, 2.4000037228688598e-06, 2.5999979698099196e-06, 2.5999979698099196e-06, 2.2000021999701858e-06, 2.4000037228688598e-06, 2.1999949240125716e-06, 2.6999987312592566e-06, 2.3999964469112456e-06, 2.3999964469112456e-06, 2.1000014385208488e-06, 5.200003215577453e-06, 2.4000037228688598e-06, 2.4000037228688598e-06, 2.9000002541579306e-06, 2.9000002541579306e-06, 2.4000037228688598e-06, 2.2999956854619086e-06, 5.099995178170502e-06, 2.3999964469112456e-06], "3": [2.3000029614195228e-06, 2.2999956854619086e-06, 2.0000006770715117e-06, 2.3000029614195228e-06, 2.0000006770715117e-06, 1.8999999156221747e-06, 2.3000029614195228e-06, 2.6999987312592566e-06, 3.2000025385059416e-06, 2.5000044843181968e-06, 2.3000029614195228e-06, 2.4000037228688598e-06, 5.399997462518513e-06, 2.4000037228688598e-06, 2.2000021999701858e-06, 2.5999979698099196e-06, 2.0000006770715117e-06, 2.0000006770715117e-06, 2.4999972083605826e-06, 2.1000014385208488e-06, 2.4000037228688598e-06, 2.2000021999701858e-06, 1.8999999156221747e-06, 2.2000021999701858e-06, 2.7000060072168708e-06, 1.7999991541728377e-06, 2.2999956854619086e-06, 2.5999979698099196e-06, 2.4999972083605826e-06, 2.0000006770715117e-06, 2.179999864893034e-05, 1.7999991541728377e-06, 3.6999990697950125e-06, 1.8999999156221747e-06, 2.0000006770715117e-06, 2.3000029614195228e-06, 3.0999945010989904e-06, 2.6000052457675338e-06, 2.2000021999701858e-06, 1.7300000763498247e-05, 2.5999979698099196e-06, 2.0999941625632346e-06, 2.4000037228688598e-06, 2.1999949240125716e-06, 5.200003215577453e-06, 2.2999956854619086e-06, 1.8999999156221747e-06, 2.1999949240125716e-06, 2.4999972083605826e-06, 2.1000014385208488e-06], "4": [2.6000052457675338e-06, 2.0000006770715117e-06, 2.2999956854619086e-06, 2.1000014385208488e-06, 2.0000006770715117e-06, 2.1000014385208488e-06, 8.900002285372466e-06, 2.3000029614195228e-06, 2.7999994927085936e-06, 2.4000037228688598e-06, 3.7000063457526267e-06, 2.1000014385208488e-06, 2.3000029614195228e-06, 1.8999999156221747e-06, 3.4999975468963385e-06, 2.4999972083605826e-06, 2.3999964469112456e-06, 2.3000029614195228e-06, 2.1000014385208488e-06, 3.0000010156072676e-06, 9.899995347950608e-06, 2.0000006770715117e-06, 2.4999972083605826e-06, 2.6999987312592566e-06, 2.6999987312592566e-06, 2.1000014385208488e-06, 3.0000010156072676e-06, 2.5999979698099196e-06, 2.2999956854619086e-06, 2.5999979698099196e-06, 2.3000029614195228e-06, 2.5999979698099196e-06, 2.2000021999701858e-06, 2.1999949240125716e-06, 2.1000014385208488e-06, 2.1999949240125716e-06, 2.1000014385208488e-06, 2.0999941625632346e-06, 2.3000029614195228e-06, 2.2000021999701858e-06, 2.0000006770715117e-06, 5.49999822396785e-06, 3.3000032999552786e-06, 1.8999999156221747e-06, 2.2000021999701858e-06, 2.5999979698099196e-06, 2.1999949240125716e-06, 2.0000006770715117e-06, 2.1000014385208488e-06, 2.4999972083605826e-06], "5": [3.1999952625483274e-06, 2.5000044843181968e-06, 2.4999972083605826e-06, 2.4000037228688598e-06, 3.6999990697950125e-06, 2.3000029614195228e-06, 2.0000006770715117e-06, 2.0000006770715117e-06, 2.7999994927085936e-06, 2.5999979698099196e-06, 2.4000037228688598e-06, 2.0000006770715117e-06, 2.3999964469112456e-06, 2.2000021999701858e-06, 2.5999979698099196e-06, 2.8999929782003164e-06, 2.6999987312592566e-06, 2.2000021999701858e-06, 9.79999458650127e-06, 2.5000044843181968e-06, 2.3999964469112456e-06, 2.5000044843181968e-06, 2.3000029614195228e-06, 1.8999999156221747e-06, 2.0000006770715117e-06, 2.2999956854619086e-06, 2.1999949240125716e-06, 2.3000029614195228e-06, 3.5999983083456755e-06, 7.200003892648965e-06, 8.499999239575118e-06, 2.5999979698099196e-06, 2.3999964469112456e-06, 1.9999934011138976e-06, 2.3000029614195228e-06, 2.0999941625632346e-06, 2.5999979698099196e-06, 2.5000044843181968e-06, 2.0000006770715117e-06, 2.2999956854619086e-06, 1.8999999156221747e-06, 2.0999941625632346e-06, 2.1000014385208488e-06, 2.0999941625632346e-06, 2.4999972083605826e-06, 2.5999979698099196e-06, 2.6999987312592566e-06, 2.1000014385208488e-06, 2.3999964469112456e-06, 2.800006768666208e-06], "6": [2.6999987312592566e-06, 5.000001692678779e-06, 2.6000052457675338e-06, 2.2999956854619086e-06, 2.6000052457675338e-06, 3.0000010156072676e-06, 3.2000025385059416e-06, 2.7999994927085936e-06, 2.2999956854619086e-06, 3.1000017770566046e-06, 2.6999987312592566e-06, 2.3999964469112456e-06, 2.4000037228688598e-06, 2.6999987312592566e-06, 2.4999972083605826e-06, 2.1999949240125716e-06, 2.3000029614195228e-06, 2.1999949240125716e-06, 2.2000021999701858e-06, 2.1400002879090607e-05, 2.3000029614195228e-06, 2.1000014385208488e-06, 1.550000160932541e-05, 2.0000006770715117e-06, 2.1999949240125716e-06, 2.4999972083605826e-06, 2.2999956854619086e-06, 2.5999979698099196e-06, 2.3000029614195228e-06, 2.4000037228688598e-06, 3.4999975468963385e-06, 2.5999979698099196e-06, 2.1000014385208488e-06, 2.2999956854619086e-06, 2.3000029614195228e-06, 2.2000021999701858e-06, 2.6000052457675338e-06, 2.2000021999701858e-06, 1.9999934011138976e-06, 2.4999972083605826e-06, 2.5000044843181968e-06, 2.2999956854619086e-06, 2.0000006770715117e-06, 3.4999975468963385e-06, 2.9000002541579306e-06, 2.6999987312592566e-06, 2.5000044843181968e-06, 2.1999949240125716e-06, 2.7999994927085936e-06, 2.5000044843181968e-06], "7": [2.2000021999701858e-06, 2.3000029614195228e-06, 4.1000021155923605e-06, 2.5999979698099196e-06, 4.800000169780105e-06, 2.5999979698099196e-06, 2.4999972083605826e-06, 2.4999972083605826e-06, 3.3000032999552786e-06, 4.599998646881431e-06, 2.4999972083605826e-06, 4.199995601084083e-06, 2.3000029614195228e-06, 2.1000014385208488e-06, 3.0000010156072676e-06, 2.9000002541579306e-06, 2.1000014385208488e-06, 3.4999975468963385e-06, 3.0000010156072676e-06, 4.499997885432094e-06, 6.000002031214535e-06, 2.5999979698099196e-06, 2.1000014385208488e-06, 2.4999972083605826e-06, 2.2000021999701858e-06, 3.0000010156072676e-06, 2.2999956854619086e-06, 6.70000008540228e-06, 2.3999964469112456e-06, 2.0999941625632346e-06, 2.1999949240125716e-06, 2.2999956854619086e-06, 3.2999960239976645e-06, 2.4000037228688598e-06, 2.9000002541579306e-06, 2.2000021999701858e-06, 2.5999979698099196e-06, 2.6000052457675338e-06, 2.4000037228688598e-06, 2.1999949240125716e-06, 2.3999964469112456e-06, 2.7999994927085936e-06, 2.3000029614195228e-06, 3.2000025385059416e-06, 6.300004315562546e-06, 2.9999937396496534e-06, 2.3000029614195228e-06, 2.5999979698099196e-06, 2.5000044843181968e-06, 2.1000014385208488e-06],