{"Support Enumeration": [2.95093454, 3.2178789200000013, 4.450946270000003, 6.766426590000004, 30.29570953000001, 38.97477854000001, 131.33548334, 494.24652036, 1770.00076665], "Vertex Enumeration": [2.085531500000002, 3.2169433299999697, 3.2614962900000135, 4.175885770000036, 21.123683949999986, 10.101481550000017, 18.933001130000047, 38.08499743999996, 50.46036970000002], "Lemke Howson": [2.0428375700000005, 2.575887980000001, 2.866879300000001, 3.479019149999998, 19.813315190000004, 8.43147879999999, 14.645344349999993, 13.755215649999968, 20.71820125999999]}